{
    "metadata":{
        "normals":82,
        "faces":82,
        "vertices":89,
        "uvs":0,
        "colors":0,
        "materials":1,
        "version":3,
        "generator":"io_three",
        "type":"Geometry"
    },
    "uvs":[],
    "normals":[0.586781,-0.0438871,-0.808555,0.943887,-0.120671,0.307434,-0.902453,0.277633,0.329391,0.00194726,0.0797868,0.99681,-0.555242,0.202945,-0.806548,0.576337,0.331348,-0.747024,0.881918,0.36889,0.293499,-0.945962,0.00744231,0.324191,0.0423496,0.223898,0.973692,-0.579747,0.0864583,-0.810196,0.00192383,0.0788242,0.996887,-0.0386568,0.20722,0.97753,0.0103182,0.0550078,0.998433,0.775793,-0.5165,0.362454,0.549613,-0.368101,-0.749951,-0.65855,0.604305,-0.448472,-0.755184,0.603683,0.255469,-0.813561,-0.510751,0.277943,-0.0173979,0.0917739,0.995628,-0.623155,-0.40365,-0.669884,0.65279,0.488557,-0.578945,0.803834,0.588513,0.0866169,0.6196,0.60509,-0.499961,0.770207,0.591713,0.238028,-0.748377,-0.425116,-0.509125,0.37375,-0.924507,0.074817,-0.0373369,0.0611672,0.997429,0.858717,0.502891,0.0985219,0.708318,0.412103,-0.573112,-0.829247,-0.471024,0.300808,-0.75297,-0.424719,-0.502643,-0.00349482,0.00413182,0.999985,0.366755,0.927794,0.0684753,0.299367,0.776196,-0.554887,-0.0492871,0.0422488,0.997891,-0.411446,-0.860865,0.299373,-0.39585,-0.776363,-0.490473,0.538564,0.798929,0.267696,-0.56446,-0.774433,-0.285726,0.497706,-0.515648,-0.697421,0.015433,0.120809,0.992556,0.594055,-0.655517,0.466258,-0.596507,0.801995,0.0313598,-0.539703,0.712319,-0.44869,0.518709,-0.716683,0.466161,0.432847,-0.578676,-0.691215,-0.0266867,0.0500095,0.998392,-0.0303818,0.993078,0.11346,-0.0178252,0.900315,-0.434874,0.0617564,-0.899284,0.432983,0.079386,-0.716306,-0.693256,0.0539636,0.0235025,0.998266,-0.633872,0.767721,0.0938716,-0.553145,0.697143,-0.456094,0.49063,-0.51207,-0.705029,0.0396585,0.0162646,0.999081,0.597072,-0.659034,0.457362,-0.723454,-0.415613,0.551254,0.795769,0.559386,0.232033,-0.79738,-0.468413,0.380491,0.72485,0.654938,-0.213655,0.35055,-0.206457,-0.913504,-0.282438,0.446215,0.849188,-0.540425,0.814248,-0.211992,-0.51525,0.789,-0.33466,0.817274,0.542186,-0.195184,-0.18685,-0.02134,0.982157,0.217501,0.105486,-0.970343,-0.776034,-0.513217,-0.366577,0.65279,0.488557,-0.578945,0.803834,0.588513,0.0866171,-0.748377,-0.425117,-0.509125,-0.81218,-0.494845,0.309017,-0.0373368,0.0611671,0.997429,-0.250897,-0.952465,0.172802,-0.463895,0.884629,-0.0472468,0.523404,0.35807,0.773197,-0.632299,-0.291828,-0.717659,-0.847204,0.494851,0.193308,0.156936,0.974853,-0.15822,0.187511,-0.101787,-0.976974,-0.268959,0.202029,0.941725],
    "faces":[35,11,10,5,9,0,0,0,0,0,35,12,11,9,8,0,1,1,1,1,35,14,13,7,6,0,2,2,2,2,35,17,12,8,16,0,3,3,3,3,35,10,14,6,5,0,4,4,4,4,35,4,0,10,11,0,5,5,5,5,35,3,4,11,12,0,6,6,6,6,35,1,2,13,14,0,7,7,7,7,35,15,3,12,17,0,8,8,8,8,35,0,1,14,10,0,9,9,9,9,35,13,17,16,7,0,10,10,10,10,35,2,15,17,13,0,11,11,11,11,35,16,8,19,21,0,12,12,12,12,35,8,9,20,19,0,13,13,13,13,35,9,5,18,20,0,14,14,14,14,35,22,18,5,23,0,15,15,15,15,35,21,22,23,16,0,16,16,16,16,35,6,7,26,25,0,17,17,17,17,35,7,16,27,26,0,18,18,18,18,35,5,6,25,24,0,19,19,19,19,35,76,78,28,33,0,20,20,20,20,35,77,76,33,32,0,21,21,21,21,35,23,5,24,29,0,22,22,22,22,35,16,23,29,27,0,23,23,23,23,35,78,79,30,28,0,24,24,24,24,35,79,80,84,83,0,25,25,25,25,35,80,77,32,31,0,26,26,26,26,35,32,33,38,37,0,27,27,27,27,35,33,28,34,38,0,28,28,28,28,35,30,31,36,35,0,29,29,29,29,35,28,30,35,34,0,30,30,30,30,35,31,32,37,36,0,31,31,31,31,35,37,38,43,42,0,32,32,32,32,35,38,34,39,43,0,33,33,33,33,35,36,37,42,41,0,34,34,34,34,35,35,36,41,40,0,35,35,35,35,35,34,35,40,39,0,36,36,36,36,35,47,48,66,65,0,37,37,37,37,35,61,60,68,69,0,38,38,38,38,35,62,61,44,46,0,39,39,39,39,35,59,63,45,47,0,40,40,40,40,35,63,62,46,45,0,41,41,41,41,35,48,47,52,53,0,42,42,42,42,35,44,48,53,49,0,43,43,43,43,35,45,46,51,50,0,44,44,44,44,35,46,44,49,51,0,45,45,45,45,35,47,45,50,52,0,46,46,46,46,35,53,52,57,58,0,47,47,47,47,35,49,53,58,54,0,48,48,48,48,35,50,51,56,55,0,49,49,49,49,35,51,49,54,56,0,50,50,50,50,35,52,50,55,57,0,51,51,51,51,35,22,21,59,60,0,52,52,52,52,35,18,22,60,61,0,53,53,53,53,35,20,18,61,62,0,54,54,54,54,35,21,19,63,59,0,55,55,55,55,35,19,20,62,63,0,56,56,56,56,35,68,67,73,74,0,57,57,57,57,35,65,66,72,71,0,58,58,58,58,35,60,59,67,68,0,59,59,59,59,35,48,44,64,66,0,60,60,60,60,35,44,61,69,64,0,61,61,61,61,35,59,47,65,67,0,62,62,62,62,35,74,73,71,72,0,63,63,63,63,35,75,74,72,70,0,64,64,64,64,35,66,64,70,72,0,65,65,65,65,35,67,65,71,73,0,66,66,66,66,35,64,69,75,70,0,67,67,67,67,35,69,68,74,75,0,68,68,68,68,35,29,24,78,76,0,69,69,69,69,35,27,29,76,77,0,70,70,70,70,35,24,25,79,78,0,71,71,71,71,35,25,26,80,79,0,72,72,72,72,35,26,27,77,80,0,73,73,73,73,35,83,84,88,87,0,74,74,74,74,35,31,30,81,82,0,75,75,75,75,35,80,31,82,84,0,76,76,76,76,35,30,79,83,81,0,77,77,77,77,35,87,88,86,85,0,78,78,78,78,35,82,81,85,86,0,79,79,79,79,35,81,83,87,85,0,80,80,80,80,35,84,82,86,88,0,81,81,81,81],
    "vertices":[0.039008,-0.0110808,-0.124056,-0.0797898,-0.0289739,-0.0383355,-0.0347237,-0.0331901,0.100364,0.111113,-0.0331901,0.100364,0.156179,-0.0289739,-0.0383355,0.0381947,0.334121,-0.0585965,-0.0174461,0.337247,-0.0181073,0.00380682,0.336053,0.0474056,0.0725826,0.332188,0.0474056,0.0938355,0.330994,-0.0181073,0.000714447,0.156087,-0.076193,0.0731783,0.156087,-0.0235449,0.0454996,0.156087,0.0616415,-0.0440707,0.156087,0.0616415,-0.0756533,0.161943,-0.0235449,0.0390081,-0.0110808,0.100364,0.0381947,0.334121,0.0474056,0.000714462,0.156087,0.0616415,0.181767,0.503274,-0.038226,0.182489,0.502567,0.0366339,0.205576,0.489964,-0.0124213,0.168786,0.509656,0.036634,0.161446,0.509656,-0.00305258,0.0384465,0.366957,-0.0114546,-0.0772884,0.463238,-0.0383575,-0.0915664,0.456006,-0.0113313,-0.0791549,0.463582,0.0334216,-0.0590727,0.475841,0.0334216,-0.125461,0.537768,-0.02978,-0.0551713,0.475841,-0.00278424,-0.136768,0.532041,-0.00837612,-0.126939,0.538041,0.0270667,-0.111034,0.547749,0.0270667,-0.107945,0.547749,-0.00160713,-0.20858,0.683239,-0.0285585,-0.217229,0.674632,-0.00795527,-0.210014,0.683049,0.0261618,-0.198341,0.696666,0.0261618,-0.195512,0.697585,-0.00143949,-0.384027,0.762473,-0.0123779,-0.388224,0.758297,-0.00238063,-0.384723,0.762381,0.0141739,-0.379059,0.768989,0.0141739,-0.377686,0.769435,0.000781008,0.305799,0.607019,-0.0275706,0.314695,0.617689,0.0289657,0.330278,0.604931,-0.00859307,0.29176,0.614415,0.0279109,0.30245,0.61891,-8.16116e-05,0.476272,0.734506,-0.025648,0.476523,0.733843,0.0268675,0.487504,0.719013,-0.0075456,0.469891,0.742395,0.0268675,0.465218,0.744559,-0.000973284,0.656717,0.742709,-0.0126525,0.656584,0.742335,0.0167767,0.655895,0.732017,-0.00250805,0.656853,0.748394,0.0167767,0.655642,0.751013,0.00117502,0.281991,0.605019,0.0310163,0.273739,0.600864,-0.000602124,0.293923,0.597678,-0.0291754,0.303408,0.580159,-0.00941794,0.286209,0.592884,0.0306179,0.176806,0.724467,-0.102773,0.171422,0.731389,-0.0721618,0.176148,0.73099,-0.0874076,0.164804,0.727078,-0.0735144,0.158317,0.718424,-0.0885523,0.167139,0.717342,-0.105714,0.0212307,0.955462,-0.112533,0.0183804,0.959127,-0.0963288,0.0208823,0.958915,-0.104399,0.0148772,0.956844,-0.0970448,0.0114432,0.952263,-0.105005,0.0161135,0.951691,-0.11409,-0.0852524,0.516829,-0.00211328,-0.0886911,0.516829,0.0297993,-0.104747,0.505721,-0.0334683,-0.117332,0.499346,-0.00964682,-0.106392,0.506024,0.0297993,-0.210908,0.496512,0.0739521,-0.206669,0.50117,0.0999282,-0.204716,0.470069,0.07669,-0.199998,0.475253,0.1056,-0.346688,0.514761,0.0447851,-0.343994,0.515014,0.0559448,-0.352371,0.504571,0.0459613,-0.349373,0.504853,0.0583815],
    "colors":[],
    "materials":[{
        "specularCoef":50,
        "opacity":1,
        "vertexColors":false,
        "doubleSided":true,
        "transparent":false,
        "colorEmissive":[0,0,0],
        "visible":true,
        "colorSpecular":[0.353147,0.353147,0.353147],
        "depthWrite":true,
        "wireframe":false,
        "DbgIndex":0,
        "DbgColor":15658734,
        "shading":"phong",