{
    "metadata":{
        "generator":"io_three",
        "vertices":151,
        "type":"Geometry",
        "version":3,
        "colors":0,
        "materials":2,
        "normals":218,
        "faces":218,
        "uvs":0
    },
    "materials":[{
        "vertexColors":false,
        "shading":"phong",
        "colorEmissive":[0,0,0],
        "specularCoef":50,
        "colorSpecular":[0.744755,0.744755,0.744755],
        "DbgIndex":0,
        "blending":"NormalBlending",
        "DbgName":"3bitki",
        "DbgColor":15658734,
        "opacity":1,
        "transparent":false,
        "colorDiffuse":[0,0.5,0.0307505],
        "wireframe":false,
        "depthTest":true,
        "doubleSided":true,
        "visible":true,
        "depthWrite":true
    },{
        "vertexColors":false,
        "shading":"phong",
        "colorEmissive":[0,0,0],
        "specularCoef":50,
        "colorSpecular":[0.353147,0.353147,0.353147],
        "DbgIndex":1,
        "blending":"NormalBlending",
        "DbgName":"yapraks\u0131za\u011fa\u00e7",
        "DbgColor":15597568,
        "opacity":1,
        "transparent":false,
        "colorDiffuse":[0.15,0.0180357,0],
        "wireframe":false,
        "depthTest":true,
        "doubleSided":true,
        "visible":true,
        "depthWrite":true
    }],
    "vertices":[0.10863,0.732588,-0.386069,0.394611,0.456603,-0.118179,0.292169,0.655877,-0.302656,-0.163308,0.83629,-0.362458,-0.187502,1.06739,-0.0932545,0.260897,0.984998,-0.117354,-0.214881,0.679813,0.239093,0.0296852,0.55787,0.360634,-0.351282,0.847472,0.0238092,-0.455315,0.700338,0.0585366,-0.346361,0.661622,0.212636,-0.34,0.47798,0.113125,-0.297587,0.345314,-0.0487983,-0.436367,0.510092,-0.0487983,-0.304707,0.476837,-0.253523,-0.23865,0.326714,0.122584,-0.0245327,0.869616,0.301499,-0.0531572,0.9864,0.230812,0.0719496,1.03973,0.193539,0.166669,0.758916,0.295912,0.281406,0.499967,0.218825,-0.3066,0.962126,0.102265,0.223644,0.389527,0.190455,-0.18865,0.864988,0.24536,0.25082,0.341873,0.0597619,0.3865,0.64809,0.208153,0.0491849,0.298232,-0.0487983,0.0980728,0.33066,-0.166769,0.0521522,0.367782,0.159889,0.109167,0.458691,0.29603,-0.10619,0.48362,0.292716,-0.182738,0.398936,-0.237388,-0.182602,0.750535,-0.390967,-0.067979,0.652216,-0.463716,0.528903,0.673744,-0.0734671,0.392846,0.806804,-0.204502,0.426597,0.649994,-0.250833,-0.268966,0.793562,0.222319,0.434741,0.473046,0.0600563,0.425249,0.874625,0.0315859,0.285239,0.81296,-0.308423,-0.00323449,0.777841,0.35918,0.2991,0.498794,-0.29689,0.175695,0.652216,-0.406973,0.255302,0.381127,-0.174403,-0.062705,0.330161,-0.138111,-0.209214,0.512538,-0.360402,-0.0765709,0.535293,-0.430185,0.309252,0.964836,0.0589552,0.505618,0.541432,0.0614985,-0.289274,0.602302,-0.344474,0.437717,0.548754,-0.220278,-0.40469,0.704474,-0.15691,-0.159457,0.947193,-0.307674,-0.263257,0.949409,-0.12433,0.0530958,0.484943,-0.384056,0.182282,0.416972,-0.287798,0.0265314,0.755318,-0.449002,-0.0250197,0.852071,-0.403455,0.140747,0.92106,-0.334385,0.188884,1.01969,-0.199524,0.135276,1.10425,-0.0655728,-0.0313336,1.12154,-0.0937105,0.0377628,0.994598,-0.321749,-0.110885,1.04612,-0.240856,0.317556,0.805909,0.207642,0.153283,0.939972,0.230804,0.25102,1.02888,0.051084,-0.334044,0.823623,-0.194013,-0.183741,1.09527,0.0692169,-0.146904,0.748818,0.34251,-0.123967,0.582841,0.359047,-0.252254,0.504457,0.232826,-0.141896,0.268371,0.0456881,-0.0138173,0.0528339,-0.170363,-0.129657,0.0528339,-0.0862006,-0.0619432,0.0584983,0.0499766,0.0577753,0.107859,0.0499766,0.102022,0.0528339,-0.0862006,-0.0138173,0.124698,-0.117478,-0.0793601,0.124698,-0.0698583,-0.054325,0.124698,0.00719184,0.0266904,0.124698,0.00719183,0.0517254,0.124698,-0.0698583,-0.0138173,0.317355,-0.115999,-0.077954,0.317355,-0.0694014,-0.0534559,0.317355,0.00599574,0.0258213,0.317355,0.00599573,0.0503193,0.317355,-0.0694014,-0.0138173,0.0253213,-0.239449,-0.195361,-0.00138221,-0.107549,-0.126018,-0.00138219,0.105868,0.098383,0.0309856,0.105868,0.167727,-0.00138221,-0.107549,-0.0604725,0.301044,-0.0288652,-0.0604725,0.301044,-0.068259,-0.0180385,0.323825,-0.068259,-0.0180385,0.323825,-0.0288652,-0.101805,0.33474,-0.0308642,-0.101805,0.33474,-0.06626,-0.0743683,0.357103,-0.06626,-0.0743683,0.357103,-0.0308642,-0.171793,0.404618,-0.0332865,-0.171793,0.404618,-0.0638377,-0.145214,0.419682,-0.0638377,-0.145214,0.419682,-0.0332865,-0.259919,0.498979,-0.0307371,-0.259919,0.498979,-0.0663872,-0.224993,0.506127,-0.0663872,-0.224993,0.506127,-0.0307371,-0.285187,0.591674,-0.038799,-0.285187,0.591674,-0.0583252,-0.266057,0.595589,-0.0583252,-0.266057,0.595589,-0.038799,0.010316,0.301044,-0.0288652,0.010316,0.301044,-0.068259,-0.00231508,0.323825,-0.068259,-0.00231508,0.323825,-0.0288652,0.0516488,0.33474,-0.0308642,0.0516488,0.33474,-0.06626,0.0242117,0.357103,-0.06626,0.0242117,0.357103,-0.0308642,0.119461,0.405852,-0.035788,0.119461,0.405852,-0.0613363,0.0972338,0.418449,-0.0613363,0.0972338,0.418449,-0.035788,0.229194,0.499556,-0.0336145,0.229194,0.499556,-0.0635097,0.199905,0.50555,-0.0635097,0.199905,0.50555,-0.0336145,0.318588,0.713431,-0.038799,0.318588,0.713431,-0.0583252,0.299458,0.717346,-0.0583252,0.299458,0.717346,-0.038799,0.274103,0.606559,-0.0373495,0.296073,0.602062,-0.0373495,0.274103,0.606559,-0.0597747,0.296073,0.602062,-0.0597747,-0.014174,0.400242,0.00221446,-0.0163512,0.402042,0.0313623,-0.00251799,0.400338,0.00307922,-0.00469523,0.402137,0.0322271,-0.0197385,0.467899,0.0233741,-0.0207553,0.468739,0.0369869,-0.0142949,0.467943,0.0237779,-0.0153117,0.468783,0.0373907,-0.0183003,0.507218,0.0268441,-0.0193171,0.508058,0.0404569,-0.0128566,0.507262,0.027248,-0.0138735,0.508103,0.0408608,-0.0138173,0.351333,-0.0485622],
    "colors":[],