{
    "metadata":{
        "normals":244,
        "faces":244,
        "vertices":167,
        "uvs":0,
        "colors":0,
        "materials":2,
        "version":3,
        "generator":"io_three",
        "type":"Geometry"
    },
    "uvs":[],
    "normals":[-0.607217,0.253834,-0.752899,-0.216287,0.646353,-0.731743,-0.781227,0.202903,-0.590351,-0.653063,0.12221,-0.747377,-0.711327,0.3093,-0.631148,0.057601,0.842243,-0.536012,0.41943,-0.0794744,-0.904302,-0.161483,-0.92827,-0.335018,-0.816959,-0.416126,0.399272,-0.681553,0.678111,0.275047,0.402112,0.678521,-0.614748,0.661325,-0.282375,-0.69492,-0.231246,-0.971823,0.0456757,-0.380066,0.423847,0.822134,-0.364557,0.900912,0.235492,0.960119,0.271387,-0.067232,0.807709,-0.583962,0.0812066,0.216287,-0.646353,0.731742,0.132302,0.507067,0.851692,0.462886,0.73763,0.491567,0.0502587,-0.0242093,-0.998443,-0.152759,0.14843,-0.977053,-0.0410457,0.361573,-0.93144,-0.568684,0.748574,-0.340934,-0.503928,0.608065,-0.613444,-0.652592,0.339691,-0.677299,-0.462886,-0.73763,-0.491567,-0.422354,-0.537873,-0.729596,-0.133894,-0.511053,-0.849056,-0.960119,-0.271387,0.0672317,-0.891486,-0.40179,-0.209326,-0.718916,-0.663363,-0.207628,-0.807709,0.583962,-0.0812066,-0.809899,0.580814,-0.0819681,-0.820706,0.555916,0.131901,0.231246,0.971823,-0.0456757,-0.00209065,0.966988,-0.254813,-0.294795,0.944464,-0.145203,0.755996,0.119057,-0.643658,0.51746,0.122674,-0.846869,0.34115,0.381452,-0.859134,0.364557,-0.900912,-0.235492,0.129903,-0.887188,-0.442745,0.167509,-0.701694,-0.692507,-0.402112,-0.678521,0.614748,-0.629169,-0.667001,0.399069,-0.575756,-0.808101,0.124412,-0.484504,0.478894,0.732063,-0.710747,0.478944,0.515219,-0.593753,0.611773,0.522677,0.816959,0.416126,-0.399272,0.629169,0.667001,-0.399069,0.575756,0.808101,-0.124412,0.681553,-0.678111,-0.275047,0.683302,-0.282742,-0.673168,0.846679,-0.126562,-0.516834,-0.0576007,-0.842243,0.536012,0.00209102,-0.966988,0.254813,0.294795,-0.944464,0.145203,-0.50243,0.566216,0.653424,-0.709012,0.443579,0.548215,-0.341149,-0.381452,0.859134,0.161484,0.92827,0.335018,-0.129903,0.887188,0.442745,-0.167509,0.701694,0.692508,0.864102,0.211444,0.456749,0.891486,0.401791,0.209326,0.718916,0.663363,0.207628,0.886093,0.100495,0.452482,0.983452,-0.0478369,0.174739,0.995209,-0.0102489,-0.097232,0.752796,0.122584,0.646739,0.503928,-0.608065,0.613444,0.568684,-0.748574,0.340934,0.602659,0.265868,0.752407,0.357665,0.333064,0.872436,0.0410456,-0.361573,0.93144,0.608072,0.285712,0.740687,0.422354,0.537873,0.729596,0.133893,0.511053,0.849056,-0.9007,-0.220275,-0.374458,-0.776352,-0.629908,-0.0222022,-0.793952,-0.163058,-0.585707,-0.905834,-0.0867996,-0.414646,-0.815165,-0.272099,-0.51134,-0.514338,-0.839399,0.175685,-0.743876,0.0684536,0.664803,-0.347838,0.937321,-0.0209241,0.156406,0.448545,-0.879969,0.0535014,-0.649529,-0.758452,-0.487377,-0.690453,0.534545,-0.469655,0.258649,0.844112,-0.00239664,0.980699,-0.195511,0.669308,-0.413524,-0.617272,0.102016,-0.885823,-0.45267,0.205706,-0.313113,0.927171,0.32193,0.546865,0.772851,0.776352,0.629908,0.0222027,0.843033,-0.519629,-0.138856,0.588298,-0.761565,0.271889,-0.941211,0.030411,0.336449,-0.982637,-0.133231,0.129126,-0.911318,-0.351497,0.214357,-0.505441,-0.719709,-0.475971,-0.744878,-0.579907,-0.329947,-0.843126,-0.304673,-0.443072,-0.588298,0.761565,-0.271889,-0.808771,0.562231,-0.172589,-0.840883,0.52366,0.136734,-0.205706,0.313113,-0.927171,-0.448116,0.442682,-0.776676,-0.391469,0.696321,-0.601571,-0.32193,-0.546865,-0.772851,-0.323223,-0.543616,-0.774602,-0.120997,-0.520077,-0.845506,0.00239651,-0.980699,0.195511,-0.264797,-0.963752,0.0326357,-0.243427,-0.9292,-0.278084,-0.401751,-0.147006,0.903872,-0.664939,-0.138321,0.733978,-0.732722,-0.388915,0.558448,-0.102016,0.885823,0.45267,-0.368171,0.884273,0.28725,-0.600422,0.699416,0.387699,0.487376,0.690454,-0.534545,0.215381,0.690839,-0.690183,-0.0293573,0.831753,-0.55437,0.551909,-0.463122,-0.69348,0.279271,-0.451304,-0.847545,0.317243,-0.589248,-0.743064,-0.156406,-0.448545,0.879969,-0.215381,-0.690839,0.690183,0.0293572,-0.831753,0.55437,-0.0535015,0.649529,0.758452,-0.442506,0.257857,0.858894,-0.24913,0.0932678,0.963969,0.514337,0.8394,-0.175685,0.264797,0.963752,-0.0326359,0.243427,0.9292,0.278084,0.469631,-0.548894,-0.691493,0.312105,-0.416331,-0.853966,0.732721,0.388915,-0.558449,0.347838,-0.937321,0.0209236,0.368171,-0.884273,-0.287249,0.600423,-0.699415,-0.387699,0.681165,-0.253411,0.686875,0.448116,-0.442682,0.776676,0.391469,-0.696321,0.601572,0.68571,-0.143513,0.713587,0.450789,0.00270202,0.892626,0.192931,-0.0330659,0.980655,0.832995,-0.161315,0.529242,0.744878,0.579907,0.329947,0.505441,0.719709,0.475971,0.888076,-0.29869,0.349435,0.931255,-0.355972,0.0777757,0.911318,0.351497,-0.214357,0.877993,-0.318655,0.357193,0.808771,-0.562231,0.172588,0.840883,-0.523659,-0.136734,0.187027,0.0389345,0.981583,-0.875747,0.0389344,0.481199,-0.728267,0.0389344,-0.684186,-0.868535,0.133762,0.477236,0.991335,0.0389345,0.125453,0.425653,0.0389344,-0.904049,7.61574e-07,-1,-8.10642e-07,-1.37915e-06,-1,-1.29567e-06,4.98181e-07,-1,-1.05809e-06,0.188988,0.0445976,0.980966,0.970376,-0.110876,0.214656,-0.722205,0.134425,-0.678491,0.36161,-0.0110491,-0.932264,0.187164,-0.00699527,0.982304,0.213293,0.0568337,0.975334,0.995487,0.0780336,0.0540084,0.383486,0.063702,-0.921347,-0.731584,-0.00557905,-0.681728,-0.877087,-0.014401,0.480116,-7.66958e-06,1,4.21423e-06,-8.68187e-06,1,-1.09869e-06,-3.94182e-06,1,-3.70322e-06,0.992115,-0.00146344,0.125326,0.425894,-0.0196314,-0.90456,-0.723577,0.0280985,-0.689671,-0.892495,0.0765206,0.444519,0.186984,0.0444316,0.981358,-0.482891,0.0137601,-0.875573,0.661513,-0.608101,0.438877,-0.728807,-0.0060973,-0.684692,-0.876315,-0.0148345,0.481511,0.256932,-0.0880835,-0.962407,-0.980591,0.184471,0.0664225,-0.0847008,-0.717699,-0.691183,-0.353626,0.928628,-0.112246,-0.097619,0.954234,0.28268,0.63241,0.0771186,0.770785,0.969625,0.213277,0.119754,0.327899,0.0745299,-0.941768,-0.260964,0.0281814,-0.964937,0.39063,0.0603373,0.918568,-0.414375,0.129733,0.900812,0.942137,-0.114163,0.31519,0.155117,-0.316015,-0.935988,-0.814736,0.553358,0.173207,-0.374866,0.0211084,-0.926839,0.444448,0.0642973,0.893494,-0.49768,0.50668,0.703982,0.854608,-0.34706,0.386257,-0.506782,0.0120398,-0.86199,0.820893,-0.40647,0.401145,0.00395125,-0.588867,-0.80822,-0.454567,0.865892,0.208807,-0.417035,0.870355,0.261847,0.691207,0.0807201,0.718135,0.867026,-0.0649128,0.494017,0.991117,-0.00892951,0.132693,0.425894,-0.0196315,-0.90456,-0.725967,0.020253,-0.687431,0.302604,-0.847127,0.436815,-0.933496,-0.214797,0.287138,-0.14717,0.599416,-0.786791,0.773328,0.569175,0.279291,-0.584032,0.723317,-0.368402,-0.906613,0.165433,-0.38818,-0.611607,-0.791155,0.00322945,0.272532,0.32319,0.906242,-0.777615,0.511651,0.365415,0.83697,0.378592,-0.395158,0.27065,-0.51515,0.813246,-0.894713,0.254559,-0.367,0.897949,-0.179888,0.401655,0.889067,-0.0125788,0.457604,0.442852,-0.677373,0.587408,0.707342,0.706503,0.022821,-0.480087,0.739526,-0.471823,-0.933771,0.0817742,-0.348403,-0.744065,-0.662859,0.0835726,-0.941739,-0.0208368,0.335698,0.0672934,0.466534,-0.88194,0.718346,0.271258,-0.640624,0.281367,-0.413231,0.866068,-0.906845,0.293192,-0.302773,0.914536,-0.219114,0.340019],